artist,song,duration_ms,year,popularity,danceability,energy,key,loudness,mode,speechiness,acousticness,instrumentalness,liveness,valence,tempo,genre
Chicane,Don't Give Up,210786,2016,47,0.644,0.72,10,-9.635,0,0.0419,0.00145,0.504,0.0839,0.53,132.017,Dance/Electronic
Samantha Mumba,Gotta Tell You,201946,2018,43,0.729,0.632,0,-8.75,0,0.0279,0.191,0.0,0.166,0.774,109.981,pop
Faithless,We Come 1 - Radio Edit,222435,2015,53,0.645,0.903,5,-10.587,0,0.0441,0.00188,0.799,0.147,0.61,135.977,"pop, Dance/Electronic"
Angie Martinez,If I Could Go! (feat. Lil' Mo & Sacario),244466,2019,40,0.583,0.643,9,-7.486,0,0.355,0.171,0.0,0.0395,0.7,195.685,pop
Khia,"My Neck, My Back (Lick It)",222560,2015,59,0.859,0.625,9,-4.234,0,0.13,0.0296,0.0,0.0537,0.71,102.072,"pop, R&B"
Liberty X,Just A Little,237359,2019,43,0.786,0.614,5,-6.554,0,0.0574,0.00616,0.0,0.049,0.742,103.887,pop
Creed,One Last Breath - Radio Version,242000,2015,47,0.38,0.725,2,-6.094,1,0.0365,0.00571,0.00015,0.3,0.202,130.581,"pop, rock, metal"
t.A.T.u.,All The Things She Said,214440,2020,39,0.527,0.834,5,-5.767,0,0.0474,0.0411,0.00599,0.105,0.381,179.92,pop
Lil' Kim,Magic Stick,359973,2019,47,0.849,0.498,2,-7.872,1,0.272,0.116,4.49e-05,0.268,0.502,92.98,"hip hop, pop, R&B"
Nelly,Shake Ya Tailfeather (feat. P. Diddy & Murphy Lee) - 2016 Remaster,293666,2016,52,0.527,0.808,1,-4.749,1,0.295,0.176,0.0,0.169,0.907,87.025,"hip hop, pop, R&B"
Mario Winans,I Don't Wanna Know (feat. Enya & P. Diddy) - 2016 Remaster,257333,2016,66,0.833,0.515,11,-5.0,0,0.0462,0.347,0.00156,0.116,0.4,97.007,pop
Will Smith,Switch,197666,2020,34,0.873,0.9,5,-4.325,0,0.18,0.0107,0.000502,0.556,0.478,102.516,"hip hop, pop"
Fedde Le Grand,Put Your Hands Up for Detroit - Radio Edit,150533,2015,39,0.814,0.923,7,-4.525,1,0.229,0.0154,0.154,0.0862,0.518,127.919,"pop, Dance/Electronic"
Hinder,Lips Of An Angel,261053,2019,35,0.474,0.744,2,-5.386,1,0.0341,0.0208,1.22e-06,0.209,0.238,129.005,"pop, rock, metal"
Daughtry,It's Not Over,215173,2016,45,0.45,0.921,10,-3.476,0,0.0538,0.0467,0.0,0.311,0.413,145.959,"pop, rock, metal"
T2,Heartbroken - Edit,178613,2017,59,0.716,0.757,11,-5.438,0,0.0329,0.0258,0.00392,0.16,0.877,139.986,Dance/Electronic
Scouting For Girls,This Ain't a Love Song,210680,2017,52,0.458,0.905,0,-4.157,1,0.0451,0.000431,0.0,0.378,0.553,176.667,"pop, rock"
Chris Brown,Beautiful People,225881,2019,53,0.415,0.775,5,-6.366,0,0.161,0.0658,0.00431,0.0843,0.536,127.898,"hip hop, pop, R&B"
Meghan Trainor,All About That Bass,187920,2015,72,0.807,0.887,9,-3.726,1,0.0503,0.0573,2.87e-06,0.124,0.961,134.052,pop
Trey Songz,Na Na,231906,2015,62,0.67,0.476,9,-6.253,0,0.0406,0.328,0.0,0.104,0.235,96.975,"hip hop, pop, R&B"
Jeremih,Don't Tell 'Em,266840,2015,74,0.856,0.527,2,-5.225,1,0.0997,0.392,0.0,0.11,0.386,98.052,"hip hop, pop, R&B"
Mark Ronson,Uptown Funk (feat. Bruno Mars),269666,2015,82,0.856,0.609,0,-7.223,1,0.0824,0.00801,8.15e-05,0.0344,0.928,114.988,pop
Wiz Khalifa,See You Again (feat. Charlie Puth),229525,2015,81,0.689,0.481,10,-7.503,1,0.0815,0.369,1.03e-06,0.0649,0.283,80.025,"hip hop, pop"
Justin Bieber,What Do You Mean?,205680,2015,77,0.845,0.567,5,-8.118,0,0.0956,0.59,0.00142,0.0811,0.793,125.02,pop
Major Lazer,Lean On (feat. MØ & DJ Snake),176561,2015,73,0.723,0.809,7,-3.081,0,0.0625,0.00346,0.00123,0.565,0.274,98.007,"hip hop, pop, Dance/Electronic"
Ellie Goulding,"Love Me Like You Do - From ""Fifty Shades Of Grey""",252534,2015,78,0.262,0.606,8,-6.646,1,0.0484,0.247,0.0,0.125,0.275,189.857,"pop, rock, Dance/Electronic"
The Weeknd,The Hills,242253,2015,84,0.585,0.564,0,-7.063,0,0.0515,0.0671,0.0,0.135,0.137,113.003,"pop, R&B"
The Neighbourhood,Daddy Issues,260173,2015,85,0.588,0.521,10,-9.461,1,0.0329,0.0678,0.149,0.123,0.337,85.012,"rock, pop"
Deorro,Five More Hours,211975,2015,66,0.699,0.883,5,-3.226,0,0.219,0.0288,0.0,0.817,0.499,127.961,"pop, Dance/Electronic"
Adam Lambert,Ghost Town,208330,2015,46,0.703,0.736,4,-5.709,0,0.046,0.186,1.92e-05,0.174,0.274,119.955,pop
Rae Sremmurd,No Type,200080,2015,71,0.891,0.486,6,-7.803,1,0.159,0.0158,3.78e-06,0.0925,0.239,125.01,"hip hop, pop"
Taylor Swift,Bad Blood,200106,2015,70,0.654,0.655,11,-7.388,0,0.106,0.0294,0.0,0.139,0.221,170.16,pop
Flo Rida,GDFR (feat. Sage the Gemini & Lookas),190185,2015,49,0.657,0.827,5,-4.036,1,0.0734,0.000704,0.00534,0.065,0.69,145.889,"hip hop, pop"
Robin Schulz,Sugar (feat. Francesco Yates),219043,2015,76,0.636,0.815,5,-5.098,0,0.0581,0.0185,0.0,0.163,0.636,123.063,"pop, Dance/Electronic"
Calvin Harris,How Deep Is Your Love,212640,2015,76,0.738,0.868,11,-4.373,0,0.0731,0.0392,0.00169,0.388,0.336,122.003,"hip hop, pop, Dance/Electronic"
Fall Out Boy,Centuries,228360,2015,80,0.393,0.858,4,-2.868,0,0.0729,0.00359,0.0,0.102,0.56,176.042,rock
Rob $tone,Chill Bill (feat. J. Davi$ & Spooks),177184,2016,76,0.886,0.427,6,-10.028,1,0.145,0.0312,0.00099,0.0906,0.23,108.034,hip hop
Twenty One Pilots,Stressed Out,202333,2015,83,0.734,0.637,4,-5.677,0,0.141,0.0462,2.29e-05,0.0602,0.648,169.977,rock
Fifth Harmony,Worth It (feat. Kid Ink),224573,2015,73,0.884,0.765,8,-3.865,1,0.0882,0.063,7.04e-06,0.118,0.594,99.987,pop
KALEO,Way down We Go,219560,2015,63,0.59,0.578,10,-5.798,0,0.0528,0.612,0.000162,0.0837,0.264,81.663,"rock, classical"
Major Lazer,Light It Up (feat. Nyla & Fuse ODG) - Remix,166138,2015,49,0.746,0.877,9,-3.782,0,0.0666,0.0375,0.000833,0.233,0.751,107.985,"hip hop, pop, Dance/Electronic"
Martin Solveig,Intoxicated - New Radio Mix,159693,2015,48,0.8,0.677,0,-4.023,1,0.0393,0.00563,0.00409,0.0838,0.547,125.004,"pop, Dance/Electronic"
Avicii,Waiting For Love,230613,2015,79,0.579,0.736,6,-3.863,0,0.0527,0.31,0.0,0.198,0.613,127.999,"pop, Dance/Electronic"
Felix Jaehn,Ain't Nobody (Loves Me Better) (feat. Jasmine Thompson),186146,2018,72,0.778,0.566,2,-6.959,0,0.0311,0.672,0.000197,0.0698,0.479,117.971,"hip hop, pop, Dance/Electronic"
Galantis,Runaway (U & I),227073,2015,74,0.506,0.805,1,-4.119,1,0.0469,0.00711,0.00193,0.0856,0.383,126.008,"pop, Dance/Electronic"
Rihanna,Bitch Better Have My Money,219305,2015,73,0.781,0.728,1,-4.981,1,0.0621,0.0509,1.94e-06,0.257,0.395,102.99,"hip hop, pop, R&B"
One Direction,Drag Me Down,192120,2015,79,0.73,0.703,0,-5.672,0,0.0369,0.109,0.0,0.0657,0.595,138.113,pop
Travis Scott,Antidote,262693,2015,73,0.713,0.526,1,-5.046,1,0.032,0.00767,0.000148,0.124,0.131,131.05,"hip hop, Dance/Electronic"
Demi Lovato,Confident,205745,2015,64,0.594,0.749,3,-6.251,1,0.0677,0.00188,0.000139,0.0869,0.344,130.064,pop
Lemaitre,Closer,270589,2017,59,0.583,0.785,2,-3.991,0,0.0337,0.0012,0.0127,0.124,0.355,91.977,pop
Selena Gomez,Same Old Love,229080,2015,69,0.672,0.593,11,-4.01,0,0.0304,0.0223,0.0,0.214,0.438,98.02,pop
Pia Mia,Do It Again,207746,2015,72,0.712,0.564,8,-6.527,1,0.047,0.0266,0.0,0.0874,0.411,95.95,"pop, R&B"
Flo Rida,My House,192190,2015,76,0.688,0.702,7,-4.792,0,0.0499,0.0215,0.0,0.128,0.74,94.006,"hip hop, pop"
Chris Brown,Ayo,225226,2015,71,0.823,0.563,6,-5.095,1,0.0443,0.0399,0.0,0.0851,0.682,98.031,"hip hop, pop, R&B"
The Strumbellas,Spirits,203653,2016,71,0.556,0.658,0,-6.075,1,0.0265,0.164,0.0,0.113,0.787,80.529,"rock, Folk/Acoustic, pop"
Fetty Wap,Trap Queen,222093,2015,68,0.746,0.873,7,-3.803,1,0.128,0.0244,0.0,0.354,0.817,148.075,"hip hop, pop"
Lana Del Rey,High By The Beach,257573,2015,67,0.536,0.486,11,-11.067,0,0.0346,0.244,0.00788,0.12,0.0968,131.988,pop
Zara Larsson,Never Forget You,213427,2017,73,0.583,0.732,11,-5.728,0,0.0457,0.00312,9.86e-06,0.269,0.276,145.992,"pop, Dance/Electronic"
Jeremih,oui,238320,2015,77,0.418,0.724,5,-3.724,1,0.0964,0.213,0.0,0.112,0.604,78.521,"hip hop, pop, R&B"
Drake,Hotline Bling,267066,2016,77,0.891,0.628,2,-7.863,1,0.0551,0.00258,0.00019,0.0504,0.552,134.966,"hip hop, pop, R&B"
Selena Gomez,Kill Em With Kindness,217906,2015,64,0.757,0.884,10,-5.488,0,0.0404,0.00795,5.87e-05,0.0973,0.398,120.012,pop
Birdy,Let It All Go,280757,2015,68,0.383,0.43,10,-8.644,1,0.0302,0.817,1.04e-06,0.0869,0.174,107.005,pop
Fetty Wap,679 (feat. Remy Boyz),196693,2015,74,0.618,0.717,7,-5.738,1,0.318,0.00256,0.0,0.625,0.603,190.05,"hip hop, pop"
The Weeknd,Can't Feel My Face,213520,2015,79,0.705,0.769,9,-5.526,0,0.0425,0.113,0.0,0.105,0.583,107.949,"pop, R&B"
SAYGRACE,You Don't Own Me (feat. G-Eazy),199314,2015,55,0.336,0.664,7,-5.68,1,0.102,0.166,1.31e-06,0.0575,0.294,186.394,"pop, R&B"
X Ambassadors,Renegades,195200,2015,75,0.526,0.862,2,-6.003,1,0.0905,0.0144,0.0597,0.229,0.528,90.052,"hip hop, rock, pop"
R. City,Locked Away (feat. Adam Levine),227480,2015,77,0.509,0.671,1,-5.709,1,0.0678,0.304,0.0,0.0452,0.55,118.413,pop
Kygo,Stole the Show,223186,2016,74,0.64,0.635,8,-7.565,0,0.226,0.271,0.0,0.319,0.475,100.034,"pop, Dance/Electronic"
Tame Impala,The Less I Know The Better,216320,2015,83,0.64,0.74,4,-4.083,1,0.0284,0.0115,0.00678,0.167,0.785,116.879,metal
Fetty Wap,My Way (feat. Monty),213053,2015,55,0.748,0.741,6,-3.103,1,0.0531,0.00419,0.0,0.147,0.537,128.077,"hip hop, pop"
Sam Smith,"Writing's On The Wall - From ""Spectre"" Soundtrack",278987,2015,66,0.261,0.302,5,-8.19,0,0.0339,0.769,2.57e-06,0.0863,0.0883,81.418,pop
David Guetta,Bang My Head (feat. Sia & Fetty Wap),193333,2015,47,0.599,0.869,0,-3.697,1,0.0789,0.0525,0.00719,0.103,0.593,108.061,"hip hop, pop, Dance/Electronic"
Meek Mill,All Eyes on You (feat. Chris Brown & Nicki Minaj),223973,2015,68,0.589,0.658,11,-5.288,0,0.203,0.0242,0.0,0.118,0.251,77.521,"hip hop, pop"
Big Sean,I Don't Fuck With You,284386,2015,75,0.824,0.733,1,-5.474,1,0.0613,0.0362,0.0,0.325,0.395,97.972,"hip hop, pop"
Kygo,Firestone,271640,2016,76,0.704,0.634,11,-7.374,0,0.0428,0.393,3.17e-05,0.0952,0.411,113.927,"pop, Dance/Electronic"
Petit Biscuit,Sunset Lover,237792,2015,71,0.783,0.467,6,-9.474,1,0.0503,0.729,0.809,0.109,0.236,90.838,Dance/Electronic
Shawn Mendes,Stitches,206880,2015,78,0.746,0.754,1,-6.684,1,0.0676,0.0152,0.0,0.0486,0.746,149.882,pop
Flo Rida,"I Don't Like It, I Love It (feat. Robin Thicke & Verdine White)",224258,2015,67,0.854,0.766,9,-4.697,0,0.141,0.0242,0.0,0.0793,0.784,118.004,"hip hop, pop"
Jack Ü,Where Are Ü Now (with Justin Bieber),250285,2015,74,0.432,0.781,4,-4.038,0,0.0567,0.041,4.21e-06,0.0789,0.197,139.432,"pop, Dance/Electronic"
Bryson Tiller,Don't,198293,2015,78,0.765,0.356,11,-5.556,0,0.195,0.223,0.0,0.0963,0.189,96.991,"hip hop, pop, R&B"
Joel Adams,Please Don't Go,210580,2015,71,0.513,0.768,4,-4.868,0,0.0587,0.0118,1.94e-05,0.294,0.235,84.264,R&B
Jonas Blue,Fast Car,212424,2015,67,0.644,0.57,9,-6.994,1,0.052,0.484,0.0,0.299,0.527,113.945,"pop, Dance/Electronic"
Sigala,Easy Love,229813,2018,66,0.68,0.942,9,-4.208,1,0.0631,0.175,0.0013,0.117,0.647,123.976,"pop, Dance/Electronic"
Justin Bieber,Sorry,200786,2015,80,0.654,0.76,0,-3.669,0,0.045,0.0797,0.0,0.299,0.41,99.945,pop
One Direction,Perfect,230333,2015,77,0.647,0.823,2,-5.231,1,0.0762,0.0598,0.0,0.119,0.396,99.933,pop
Years & Years,Shine,255506,2015,55,0.667,0.716,1,-5.21,0,0.0349,0.189,0.0,0.104,0.493,108.002,"pop, Dance/Electronic"
Meghan Trainor,Lips Are Movin,182666,2015,70,0.775,0.825,7,-5.402,1,0.0464,0.0506,1.03e-06,0.111,0.95,139.091,pop
Nicky Jam,El Perdón - Forgiveness,206666,2017,51,0.736,0.719,8,-3.839,1,0.0357,0.256,0.0,0.0909,0.656,90.013,latin
Drake,One Dance,173986,2016,84,0.792,0.625,1,-5.609,1,0.0536,0.00776,0.0018,0.329,0.37,103.967,"hip hop, pop, R&B"
The Chainsmokers,Closer,244960,2016,83,0.748,0.524,8,-5.599,1,0.0338,0.414,0.0,0.111,0.661,95.01,"pop, Dance/Electronic"
Desiigner,Panda,246761,2016,70,0.576,0.766,10,-4.943,0,0.449,0.028,1.68e-06,0.366,0.236,144.833,"hip hop, pop"
Burak Yeter,Tuesday (feat. Danelle Sandoval),241874,2016,72,0.841,0.639,9,-6.052,0,0.0688,0.0156,0.0654,0.0545,0.675,99.002,Dance/Electronic
Sia,Cheap Thrills (feat. Sean Paul),224813,2016,67,0.592,0.8,6,-4.931,0,0.215,0.0561,2.01e-06,0.0775,0.728,89.972,pop
OneRepublic,Wherever I Go,169773,2016,70,0.552,0.689,10,-6.444,0,0.0425,0.0915,0.0,0.27,0.349,99.961,pop
Rihanna,Work,219320,2016,75,0.725,0.534,11,-6.238,1,0.0946,0.0752,0.0,0.0919,0.558,91.974,"hip hop, pop, R&B"
Coldplay,Hymn for the Weekend,258266,2015,82,0.491,0.693,0,-6.487,0,0.0377,0.211,6.92e-06,0.325,0.412,90.027,"rock, pop"
Justin Timberlake,"CAN'T STOP THE FEELING! (from DreamWorks Animation's ""TROLLS"")",236001,2016,76,0.666,0.83,0,-5.715,1,0.0751,0.0123,0.0,0.191,0.702,113.03,pop
WILLOW,Wait a Minute!,196520,2015,86,0.764,0.705,3,-5.279,0,0.0278,0.0371,1.94e-05,0.0943,0.672,101.003,"pop, R&B, Dance/Electronic"
Desiigner,Tiimmy Turner,239853,2016,67,0.603,0.725,6,-3.054,1,0.0393,0.174,0.0,0.0786,0.304,122.803,"hip hop, pop"
G-Eazy,"Me, Myself & I",251466,2015,77,0.756,0.674,0,-6.518,0,0.0959,0.0184,0.0,0.158,0.389,111.995,"hip hop, pop"
David Guetta,This One's for You (feat. Zara Larsson) (Official Song UEFA EURO 2016),207272,2016,68,0.367,0.915,9,-3.456,0,0.0488,0.0022,5.81e-05,0.0905,0.365,110.169,"hip hop, pop, Dance/Electronic"
Lil Wayne,"Sucker for Pain (with Wiz Khalifa, Imagine Dragons, Logic & Ty Dolla $ign feat. X Ambassadors)",243490,2016,75,0.502,0.786,9,-4.378,0,0.317,0.255,0.0,0.65,0.739,169.021,"hip hop, pop"
Twenty One Pilots,Heathens,195920,2016,80,0.732,0.396,4,-9.348,0,0.0286,0.0841,3.58e-05,0.105,0.548,90.024,rock
Future,Low Life (feat. The Weeknd),313546,2016,74,0.722,0.331,8,-7.789,1,0.0726,0.337,0.282,0.146,0.102,143.961,"hip hop, pop"
Galantis,No Money,189126,2016,67,0.671,0.916,6,-4.014,0,0.0397,0.0282,0.00762,0.24,0.803,126.01,"pop, Dance/Electronic"
The Chainsmokers,Don't Let Me Down,208373,2016,79,0.532,0.869,11,-5.094,1,0.172,0.157,0.00508,0.136,0.422,159.803,"pop, Dance/Electronic"
Tinie Tempah,Girls Like (feat. Zara Larsson),196000,2016,62,0.916,0.804,0,-3.406,1,0.049,0.37,1.18e-05,0.0812,0.538,120.028,"hip hop, pop, Dance/Electronic"
Alok,Hear Me Now,192846,2016,51,0.788,0.43,11,-7.757,1,0.0419,0.537,0.00261,0.0936,0.461,121.996,"pop, Dance/Electronic"
Jon Bellion,All Time Low,217603,2016,70,0.617,0.567,0,-4.188,1,0.0828,0.0584,0.0,0.0933,0.505,90.246,"hip hop, pop"
Meghan Trainor,NO,213506,2017,69,0.557,0.803,1,-3.599,0,0.213,0.0124,1.61e-06,0.737,0.657,92.134,pop
Dua Lipa,Hotter Than Hell,187957,2017,65,0.532,0.868,3,-4.23,0,0.0908,0.011,0.0,0.0584,0.529,110.127,pop
Martin Garrix,In the Name of Love,195706,2016,76,0.501,0.519,4,-5.88,0,0.0409,0.109,0.0,0.454,0.168,133.99,"pop, Dance/Electronic"
Alan Walker,Faded,212106,2018,78,0.468,0.627,6,-5.085,1,0.0476,0.0281,7.97e-06,0.11,0.159,179.642,Dance/Electronic
DJ Snake,Let Me Love You,205946,2016,81,0.649,0.716,8,-5.371,1,0.0349,0.0863,2.63e-05,0.135,0.163,99.988,"hip hop, pop, Dance/Electronic"
Calvin Harris,This Is What You Came For (feat. Rihanna),222160,2016,79,0.631,0.927,9,-2.787,0,0.0332,0.199,0.119,0.148,0.465,123.962,"hip hop, pop, Dance/Electronic"
Mike Posner,I Took A Pill In Ibiza - Seeb Remix,197933,2016,77,0.664,0.714,7,-6.645,0,0.111,0.0353,8.42e-06,0.0843,0.71,101.969,"hip hop, pop, Dance/Electronic"
Kevin Gates,2 Phones,240000,2016,69,0.895,0.681,7,-5.267,0,0.358,0.157,0.0,0.189,0.554,121.918,"hip hop, pop"
Rihanna,Needed Me,191600,2016,80,0.671,0.314,5,-8.091,0,0.244,0.11,0.0,0.0825,0.296,110.898,"hip hop, pop, R&B"
Marshmello,Alone,273802,2016,71,0.631,0.953,2,-3.739,1,0.0343,0.0241,0.0155,0.108,0.422,141.99,"pop, Dance/Electronic"
Shawn Mendes,I Know What You Did Last Summer,223853,2015,73,0.687,0.761,9,-4.582,0,0.0876,0.102,0.0,0.147,0.743,113.939,pop
Calvin Harris,My Way,219159,2016,74,0.818,0.913,4,-3.06,0,0.0426,0.093,3.69e-05,0.161,0.536,119.986,"hip hop, pop, Dance/Electronic"
Fitz and The Tantrums,HandClap,193253,2016,64,0.636,0.836,8,-3.004,1,0.0427,0.00609,0.000157,0.0828,0.715,139.956,"pop, rock"
Twenty One Pilots,Ride,214506,2015,80,0.645,0.713,6,-5.355,1,0.0393,0.00835,0.0,0.113,0.566,74.989,rock
Anne-Marie,Alarm,205593,2016,57,0.756,0.589,0,-5.093,1,0.232,0.0812,0.0,0.176,0.811,146.928,"pop, Dance/Electronic"
Charlie Puth,We Don't Talk Anymore (feat. Selena Gomez),217706,2016,79,0.728,0.563,1,-8.053,0,0.134,0.621,0.0,0.179,0.352,100.017,pop
Enrique Iglesias,DUELE EL CORAZON (feat. Wisin),199693,2016,68,0.716,0.908,8,-3.254,0,0.103,0.0858,0.0,0.135,0.869,91.03,"pop, latin"
MNEK,Never Forget You,213427,2015,45,0.583,0.732,11,-5.728,0,0.0457,0.00312,9.86e-06,0.269,0.276,145.992,Dance/Electronic
Mike Perry,The Ocean (feat. Shy Martin),183414,2016,70,0.632,0.575,5,-6.478,1,0.029,0.0225,1.81e-06,0.104,0.188,90.037,"pop, Dance/Electronic"
Shawn Mendes,Treat You Better,187973,2017,82,0.444,0.819,10,-4.078,0,0.341,0.106,0.0,0.107,0.747,82.695,pop
Tory Lanez,Say It,237786,2016,73,0.546,0.529,11,-10.511,0,0.0583,0.0862,6.5e-06,0.124,0.247,107.331,"hip hop, pop, R&B"
Coldplay,Adventure of a Lifetime,263786,2015,76,0.638,0.924,7,-3.887,1,0.036,0.00205,0.000175,0.149,0.53,111.995,"rock, pop"
SAYGRACE,You Don't Own Me (feat. G-Eazy),201493,2016,69,0.332,0.635,7,-5.653,1,0.0898,0.159,2.79e-06,0.0599,0.261,186.249,"pop, R&B"
DNCE,Cake By The Ocean,219146,2016,79,0.774,0.753,4,-5.446,0,0.0517,0.152,0.0,0.0371,0.896,119.002,pop
99 Souls,The Girl Is Mine,216613,2016,55,0.683,0.943,9,-3.6,1,0.0397,0.00423,0.0972,0.0356,0.706,118.991,Dance/Electronic
Illy,Papercuts (feat. Vera Blue),255889,2016,51,0.369,0.618,6,-6.304,0,0.249,0.161,0.0,0.257,0.467,191.863,"hip hop, pop, Dance/Electronic"
Kiiara,Gold,225882,2015,55,0.6,0.412,8,-9.343,1,0.344,0.615,0.0025,0.134,0.408,113.049,"rock, pop, Dance/Electronic"
Fifth Harmony,Work from Home (feat. Ty Dolla $ign),214480,2016,75,0.803,0.585,8,-5.861,1,0.0432,0.103,3.94e-06,0.0644,0.593,105.017,pop
Drake,Pop Style,212946,2016,63,0.713,0.462,7,-10.027,1,0.123,0.192,2.16e-06,0.105,0.0594,133.053,"hip hop, pop, R&B"
ZAYN,PILLOWTALK,203686,2016,59,0.588,0.702,11,-4.271,1,0.0496,0.104,0.0,0.089,0.429,124.909,"pop, Dance/Electronic"
Alessia Cara,Here,199453,2016,66,0.376,0.822,0,-3.974,1,0.104,0.0783,0.0,0.0841,0.327,120.493,"pop, R&B"
Sigala,Sweet Lovin' - Radio Edit,202149,2015,46,0.683,0.91,10,-1.231,1,0.0515,0.0553,4.78e-06,0.336,0.674,124.977,"pop, Dance/Electronic"
Drake,Jumpman,205879,2015,72,0.852,0.553,1,-7.286,1,0.187,0.0559,0.0,0.332,0.656,142.079,"hip hop, pop, R&B"
Charlie Puth,Dangerously,199133,2016,62,0.696,0.517,2,-8.379,0,0.0366,0.364,0.0,0.197,0.23,112.291,pop
Nick Jonas,Close,234213,2016,69,0.654,0.623,6,-5.273,0,0.082,0.253,0.0,0.144,0.401,123.996,pop
The Chainsmokers,Roses,226738,2015,73,0.713,0.802,4,-7.055,1,0.0561,0.0435,0.00377,0.309,0.343,100.001,"pop, Dance/Electronic"
P!nk,"Just Like Fire (From the Original Motion Picture ""Alice Through The Looking Glass"")",215413,2016,68,0.632,0.702,7,-5.92,1,0.148,0.0114,0.0,0.108,0.523,162.958,pop
Steve Aoki,Just Hold On,198774,2016,63,0.647,0.932,11,-3.515,1,0.0824,0.00383,1.5e-06,0.0574,0.374,114.991,"hip hop, pop, Dance/Electronic"
Clean Bandit,Tears (feat. Louisa Johnson),225914,2016,60,0.605,0.77,5,-3.645,0,0.0446,0.0431,0.0,0.159,0.298,130.037,"pop, Dance/Electronic"
Bastille,Good Grief,206493,2016,65,0.73,0.758,1,-4.888,1,0.0653,0.147,0.0,0.311,0.877,120.041,"pop, rock"
Sia,The Greatest (feat. Kendrick Lamar),210226,2016,68,0.668,0.725,1,-6.127,1,0.266,0.0102,0.000479,0.0561,0.729,191.944,pop
PARTYNEXTDOOR,Not Nice,202661,2016,62,0.598,0.496,0,-9.309,1,0.0804,0.0253,0.00132,0.12,0.725,128.06,"hip hop, pop, R&B"
Garrett Nash,"i hate u, i love u (feat. olivia o'brien)",251033,2016,77,0.492,0.275,6,-13.4,0,0.3,0.687,0.0,0.101,0.18,92.6,"hip hop, pop"
Hilltop Hoods,1955,239280,2016,63,0.766,0.5,11,-7.558,1,0.0695,0.719,5.91e-06,0.304,0.71,84.044,"hip hop, pop"
Fifth Harmony,All In My Head (Flex) (feat. Fetty Wap),210573,2016,62,0.689,0.791,0,-5.194,0,0.053,0.023,0.0,0.0526,0.755,95.04,pop
Kent Jones,Don't Mind,198236,2016,63,0.464,0.771,8,-4.503,1,0.336,0.0235,0.0,0.063,0.69,158.777,hip hop
Flume,Say It,262521,2016,53,0.581,0.531,3,-6.829,0,0.0322,0.0731,3.27e-06,0.0616,0.273,75.255,Dance/Electronic
Bryson Tiller,Exchange,194613,2015,76,0.525,0.433,6,-10.598,1,0.185,0.107,0.0,0.135,0.276,160.108,"hip hop, pop, R&B"
MØ,Final Song,235826,2016,66,0.695,0.672,1,-6.109,0,0.0345,0.014,7.95e-05,0.0756,0.245,104.988,"pop, Dance/Electronic"
Beyoncé,Sorry,232560,2016,67,0.775,0.598,2,-7.274,1,0.0535,0.00175,4.44e-06,0.253,0.356,129.988,"pop, R&B"
Frank Ocean,Pink + White,184516,2016,79,0.544,0.552,9,-7.45,1,0.0991,0.67,4.57e-05,0.415,0.554,159.738,"hip hop, pop, R&B"
Drake,Too Good,263373,2016,74,0.794,0.653,7,-7.839,1,0.104,0.0489,4.88e-05,0.1,0.397,117.996,"hip hop, pop, R&B"
Ed Sheeran,Shape of You,233712,2017,84,0.825,0.652,1,-3.183,0,0.0802,0.581,0.0,0.0931,0.931,95.977,pop
Sean Paul,No Lie,221176,2018,84,0.742,0.882,7,-2.862,1,0.117,0.0466,0.0,0.206,0.463,102.04,"hip hop, pop"
Sam Smith,Too Good At Goodbyes,201000,2017,79,0.681,0.372,5,-8.237,1,0.0432,0.64,0.0,0.169,0.476,91.873,pop
Clean Bandit,Rockabye (feat. Sean Paul & Anne-Marie),251088,2016,75,0.72,0.763,9,-4.068,0,0.0523,0.406,0.0,0.18,0.742,101.965,"pop, Dance/Electronic"
Maroon 5,Don't Wanna Know (feat. Kendrick Lamar),214265,2018,68,0.783,0.61,7,-6.124,1,0.0696,0.343,0.0,0.0983,0.418,100.047,pop
The Chainsmokers,Something Just Like This,247160,2017,83,0.617,0.635,11,-6.769,0,0.0317,0.0498,1.44e-05,0.164,0.446,103.019,"pop, Dance/Electronic"
Ed Sheeran,Perfect,263400,2017,85,0.599,0.448,8,-6.312,1,0.0232,0.163,0.0,0.106,0.168,95.05,pop
MGMT,Little Dark Age,299960,2018,81,0.705,0.712,6,-6.156,1,0.0385,0.0102,0.000855,0.1,0.62,97.512,rock
Travis Scott,goosebumps,243836,2016,83,0.841,0.728,7,-3.37,1,0.0484,0.0847,0.0,0.149,0.43,130.049,"hip hop, Dance/Electronic"
Billie Eilish,Bored,180933,2017,84,0.614,0.318,7,-12.695,1,0.0478,0.896,0.00239,0.0795,0.112,119.959,"pop, Dance/Electronic"
Future,Mask Off,204600,2017,79,0.833,0.434,2,-8.795,1,0.431,0.0102,0.0219,0.165,0.281,150.062,"hip hop, pop"
Rae Sremmurd,Swang,208120,2016,75,0.681,0.314,8,-9.319,1,0.0581,0.2,9.82e-06,0.1,0.166,139.992,"hip hop, pop"
Lil Peep,Save That Shit,231546,2017,77,0.534,0.583,2,-8.672,1,0.0288,0.0262,0.0,0.421,0.145,105.997,hip hop
A$AP Ferg,Plain Jane,173600,2017,74,0.797,0.844,11,-5.482,1,0.275,0.0651,0.0,0.087,0.52,170.142,"hip hop, pop"
French Montana,Unforgettable,233901,2017,82,0.726,0.769,6,-5.043,1,0.123,0.0293,0.0101,0.104,0.733,97.985,"hip hop, pop"
21 Savage,Bank Account,220306,2017,74,0.884,0.347,8,-8.227,0,0.35,0.015,7e-06,0.0871,0.376,75.016,hip hop
ZAYN,Dusk Till Dawn (feat. Sia) - Radio Edit,239000,2017,77,0.259,0.437,11,-6.589,0,0.0386,0.102,1.32e-06,0.106,0.0951,180.042,"pop, Dance/Electronic"
J Balvin,Mi Gente,189029,2017,53,0.548,0.701,11,-4.862,0,0.0914,0.0178,1.34e-05,0.134,0.309,104.237,latin
Rae Sremmurd,Black Beatles,291893,2016,75,0.794,0.632,0,-6.163,1,0.0649,0.142,0.0,0.128,0.355,145.926,"hip hop, pop"
Zara Larsson,Ain't My Fault,224030,2017,67,0.576,0.782,6,-4.825,0,0.0296,0.00778,0.0,0.285,0.355,141.153,"pop, Dance/Electronic"
Ayo & Teo,Rolex,238586,2017,69,0.804,0.886,1,-2.512,1,0.04,0.0837,0.0,0.266,0.789,144.946,"hip hop, pop"
Lil Uzi Vert,XO Tour Llif3,182706,2017,81,0.732,0.75,11,-6.366,0,0.231,0.00264,0.0,0.109,0.401,155.096,hip hop
Imagine Dragons,Whatever It Takes,201240,2017,80,0.672,0.655,10,-5.021,0,0.0311,0.0362,0.0,0.117,0.556,134.945,rock
Jason Derulo,Swalla (feat. Nicki Minaj & Ty Dolla $ign),216408,2017,75,0.696,0.817,1,-3.862,1,0.109,0.075,0.0,0.187,0.782,98.064,"hip hop, pop"
Playboi Carti,Magnolia,181812,2017,77,0.791,0.582,11,-7.323,0,0.286,0.0114,0.0,0.35,0.443,162.991,hip hop
Chord Overstreet,Hold On,198853,2017,80,0.618,0.443,2,-9.681,1,0.0526,0.469,0.0,0.0829,0.167,119.949,"pop, Folk/Acoustic"
Jax Jones,Breathe,207629,2017,58,0.722,0.744,11,-5.52,0,0.0363,0.0234,0.000157,0.143,0.686,125.985,"hip hop, pop, Dance/Electronic"
Natti Natasha,Criminal,232549,2017,74,0.814,0.813,2,-3.023,0,0.0561,0.03,9.33e-05,0.255,0.839,79.997,"pop, latin"
Selena Gomez,Fetish (feat. Gucci Mane),186112,2017,69,0.708,0.618,2,-4.424,1,0.0592,0.0204,6.81e-06,0.062,0.265,123.013,pop
Big Shaq,Man's Not Hot,186026,2017,62,0.905,0.884,0,-4.076,1,0.236,0.111,8.31e-05,0.107,0.588,135.048,"pop, Dance/Electronic"
Anne-Marie,Ciao Adios,200104,2017,57,0.698,0.882,4,-3.078,0,0.0863,0.127,0.0,0.15,0.445,106.083,"pop, Dance/Electronic"
Rag'n'Bone Man,Human,200186,2017,76,0.602,0.707,9,-4.097,1,0.302,0.393,0.0,0.165,0.554,75.087,R&B
Lil Pump,Gucci Gang,124055,2017,64,0.936,0.523,5,-6.71,1,0.0597,0.239,0.0,0.117,0.699,119.889,hip hop
Taylor Swift,Look What You Made Me Do,211853,2017,76,0.766,0.709,9,-6.471,0,0.123,0.204,1.41e-05,0.126,0.506,128.07,pop
Enrique Iglesias,SUBEME LA RADIO (feat. Descemer Bueno & Zion & Lennox),207680,2017,70,0.688,0.822,0,-3.304,1,0.0537,0.0642,0.0,0.241,0.66,91.011,"pop, latin"
Kodak Black,Tunnel Vision,268186,2017,51,0.497,0.489,11,-7.724,0,0.294,0.0576,9.91e-05,0.122,0.231,171.853,hip hop
XXXTENTACION,Jocelyn Flores,119133,2017,83,0.872,0.391,0,-9.144,0,0.242,0.469,4.13e-06,0.297,0.437,134.021,hip hop
Migos,Bad and Boujee (feat. Lil Uzi Vert),343150,2017,72,0.926,0.666,11,-5.314,1,0.244,0.0611,0.0,0.123,0.168,127.079,"hip hop, pop"
Yo Gotti,Rake It Up (feat. Nicki Minaj),276333,2017,67,0.91,0.444,1,-8.126,0,0.344,0.022,0.0,0.137,0.53,149.953,"hip hop, pop"
Martin Garrix,Scared to Be Lonely,220883,2017,77,0.584,0.54,1,-7.786,0,0.0576,0.0895,0.0,0.261,0.195,137.972,"pop, Dance/Electronic"
Jonas Blue,Mama,181614,2017,51,0.739,0.792,11,-4.256,0,0.0418,0.091,0.0,0.0516,0.547,104.016,"pop, Dance/Electronic"
Taylor Swift,...Ready For It?,208186,2017,73,0.613,0.764,2,-6.509,1,0.136,0.0527,0.0,0.197,0.417,160.015,pop
David Guetta,2U (feat. Justin Bieber),194896,2017,67,0.548,0.65,8,-5.827,0,0.0591,0.219,0.0,0.225,0.557,144.937,"hip hop, pop, Dance/Electronic"
Migos,Slippery (feat. Gucci Mane),304041,2017,68,0.92,0.675,1,-5.661,0,0.263,0.307,0.0,0.104,0.749,141.967,"hip hop, pop"
G-Eazy,Good Life (with G-Eazy & Kehlani),225520,2017,63,0.572,0.778,1,-5.208,1,0.233,0.00638,0.0,0.0563,0.54,168.073,"hip hop, pop"
The Vamps,All Night,197640,2017,73,0.538,0.804,8,-5.194,1,0.0358,0.0041,0.0,0.33,0.507,144.992,pop
Dua Lipa,New Rules,212000,2017,61,0.763,0.72,9,-5.181,0,0.0691,0.00261,1.11e-05,0.114,0.592,116.01,pop
Cardi B,Bodak Yellow,223962,2017,59,0.929,0.723,11,-5.792,0,0.109,0.0672,0.0,0.346,0.458,125.022,"hip hop, pop"
Rag'n'Bone Man,Skin,239626,2017,67,0.564,0.745,0,-7.733,1,0.31,0.265,0.0,0.147,0.351,170.661,R&B
Zara Larsson,I Would Like,226720,2017,57,0.486,0.713,2,-3.949,0,0.0524,0.0853,0.0,0.0839,0.297,121.028,"pop, Dance/Electronic"
DJ Khaled,Wild Thoughts (feat. Rihanna & Bryson Tiller),204173,2017,72,0.671,0.672,0,-3.094,0,0.0688,0.0329,0.0,0.118,0.632,97.979,"hip hop, pop"
Post Malone,Congratulations,220293,2016,81,0.63,0.804,6,-4.183,1,0.0363,0.215,0.0,0.253,0.492,123.146,hip hop
Avicii,Without You (feat. Sandro Cavazza),181672,2017,77,0.662,0.858,2,-4.844,1,0.0428,0.00163,0.0,0.0456,0.295,133.993,"pop, Dance/Electronic"
Katy Perry,Chained To The Rhythm,237733,2017,69,0.562,0.8,0,-5.404,1,0.112,0.0814,0.0,0.199,0.471,95.029,pop
Zay Hilfigerrr,Juju on That Beat (TZ Anthem),144244,2016,57,0.807,0.887,1,-3.892,1,0.275,0.00381,0.0,0.391,0.78,160.517,set()
Calvin Harris,"Feels (feat. Pharrell Williams, Katy Perry & Big Sean)",223413,2017,79,0.893,0.745,11,-3.105,0,0.0571,0.0642,0.0,0.0943,0.872,101.018,"hip hop, pop, Dance/Electronic"
Migos,T-Shirt,242407,2017,64,0.865,0.687,10,-3.744,0,0.217,0.242,0.0,0.158,0.486,139.023,"hip hop, pop"
OneRepublic,Rich Love (with Seeb),201256,2017,64,0.401,0.872,1,-3.641,0,0.314,0.167,0.0,0.362,0.472,104.592,pop
Maggie Lindemann,Pretty Girl - Cheat Codes X CADE Remix,193613,2017,61,0.703,0.868,7,-4.661,0,0.0291,0.15,0.132,0.104,0.733,121.03,"rock, pop"
Macklemore,Glorious (feat. Skylar Grey),220454,2017,74,0.731,0.794,0,-5.126,0,0.0522,0.0323,2.59e-05,0.112,0.356,139.994,"hip hop, pop"
Hayden James,NUMB,217296,2019,47,0.617,0.558,10,-7.046,0,0.0431,0.184,1.03e-06,0.0911,0.4,147.932,"pop, Dance/Electronic"
Alessia Cara,Scars To Your Beautiful,230226,2016,76,0.319,0.739,0,-5.74,1,0.272,0.0285,0.0,0.111,0.449,194.169,"pop, R&B"
2 Chainz,It's A Vibe,210200,2017,71,0.822,0.502,7,-7.38,1,0.148,0.0312,0.000887,0.114,0.525,73.003,"hip hop, pop"
Starley,Call on Me - Ryan Riback Remix,222040,2016,48,0.67,0.838,0,-4.031,1,0.0362,0.0605,0.000611,0.159,0.716,105.0,"pop, Dance/Electronic"
The Vamps,Middle Of The Night,174600,2017,61,0.588,0.749,11,-4.323,0,0.058,0.0037,0.0,0.0813,0.397,130.093,pop
The Weeknd,I Feel It Coming,269186,2016,78,0.773,0.819,0,-5.946,0,0.118,0.428,0.0,0.0679,0.585,92.987,"pop, R&B"
The Chainsmokers,Paris,221506,2017,73,0.653,0.658,2,-6.428,1,0.0304,0.0215,1.66e-06,0.0939,0.219,99.99,"pop, Dance/Electronic"
Big Sean,Bounce Back,222360,2017,71,0.78,0.575,1,-5.628,0,0.139,0.106,0.0,0.129,0.273,81.502,"hip hop, pop"
Avicii,Lonely Together (feat. Rita Ora),181812,2017,53,0.655,0.666,5,-5.309,1,0.0612,0.134,2.12e-05,0.0683,0.272,102.977,"pop, Dance/Electronic"
Cheat Codes,No Promises (feat. Demi Lovato),223503,2017,68,0.741,0.667,10,-5.445,1,0.134,0.0575,0.0,0.106,0.595,112.956,"pop, Dance/Electronic"
Bruno Mars,24K Magic,225983,2016,78,0.818,0.803,1,-4.282,1,0.0797,0.034,0.0,0.153,0.632,106.97,pop
Kygo,It Ain't Me (with Selena Gomez),220780,2017,75,0.64,0.533,0,-6.596,1,0.0706,0.119,0.0,0.0864,0.515,99.968,"pop, Dance/Electronic"
Drake,God's Plan,198973,2018,81,0.754,0.449,7,-9.211,1,0.109,0.0332,8.29e-05,0.552,0.357,77.169,"hip hop, pop, R&B"
Post Malone,rockstar (feat. 21 Savage),218146,2018,83,0.585,0.52,5,-6.136,0,0.0712,0.124,7.01e-05,0.131,0.129,159.801,hip hop
Offset,Ric Flair Drip (with Metro Boomin),172800,2017,80,0.88,0.428,9,-8.28,1,0.206,0.149,5.05e-05,0.114,0.333,100.007,"hip hop, pop"
G-Eazy,Him & I (with Halsey),268866,2017,75,0.589,0.731,2,-6.343,1,0.0868,0.0534,0.0,0.308,0.191,87.908,"hip hop, pop"
Dynoro,In My Mind,184560,2018,78,0.694,0.77,6,-5.335,1,0.149,0.176,1.1e-05,0.118,0.163,125.905,"pop, Dance/Electronic"
Juice WRLD,Lucid Dreams,239835,2018,84,0.511,0.566,6,-7.23,0,0.2,0.349,0.0,0.34,0.218,83.903,hip hop
Zedd,The Middle,184732,2018,80,0.753,0.657,7,-3.061,1,0.0449,0.171,0.0,0.112,0.437,107.01,"hip hop, pop, Dance/Electronic"
Marshmello,FRIENDS,202620,2018,78,0.626,0.88,9,-2.384,0,0.0504,0.205,0.0,0.128,0.534,95.079,"pop, Dance/Electronic"
Cardi B,I Like It,253390,2018,79,0.816,0.726,5,-3.998,0,0.129,0.099,0.0,0.372,0.65,136.048,"hip hop, pop"
XXXTENTACION,Moonlight,135090,2018,82,0.921,0.537,9,-5.723,0,0.0804,0.556,0.00404,0.102,0.711,128.009,hip hop
Ariana Grande,no tears left to cry,205920,2018,77,0.699,0.713,9,-5.507,0,0.0594,0.04,3.11e-06,0.294,0.354,121.993,pop
Sheck Wes,Mo Bamba,183906,2018,77,0.729,0.625,4,-5.266,1,0.0315,0.194,0.00986,0.248,0.261,146.034,hip hop
Calvin Harris,One Kiss (with Dua Lipa),214846,2018,81,0.791,0.862,9,-3.24,0,0.11,0.037,2.19e-05,0.0814,0.592,123.994,"hip hop, pop, Dance/Electronic"
Tyga,Taste (feat. Offset),232959,2018,73,0.884,0.559,0,-7.442,1,0.12,0.0236,0.0,0.101,0.342,97.994,"hip hop, pop"
Travis Scott,SICKO MODE,312820,2018,81,0.834,0.73,8,-3.714,1,0.222,0.00513,0.0,0.124,0.446,155.008,"hip hop, Dance/Electronic"
Imagine Dragons,Natural,189466,2018,80,0.704,0.611,2,-6.112,1,0.0409,0.217,0.0,0.0812,0.22,100.0,rock
DJ Snake,"Taki Taki (with Selena Gomez, Ozuna & Cardi B)",212500,2018,76,0.842,0.801,8,-4.167,0,0.228,0.157,4.82e-06,0.0642,0.617,95.881,"hip hop, pop, Dance/Electronic"
Marshmello,Spotlight,177600,2018,71,0.546,0.822,7,-4.483,1,0.151,0.0145,0.0,0.742,0.615,150.06,"pop, Dance/Electronic"
The Weeknd,Pray For Me (with Kendrick Lamar),211440,2018,69,0.735,0.677,2,-4.979,1,0.093,0.0762,2.17e-05,0.111,0.188,100.584,"pop, R&B"
Billie Eilish,lovely (with Khalid),200185,2018,86,0.351,0.296,4,-10.109,0,0.0333,0.934,0.0,0.095,0.12,115.284,"pop, Dance/Electronic"
Migos,Walk It Talk It,276147,2018,75,0.907,0.633,2,-5.145,1,0.184,0.0876,2.6e-06,0.106,0.395,145.914,"hip hop, pop"
Clean Bandit,Solo (feat. Demi Lovato),222653,2018,71,0.737,0.636,11,-4.546,0,0.0437,0.0441,6.66e-05,0.35,0.565,105.005,"pop, Dance/Electronic"
Drake,Nonstop,238614,2018,77,0.912,0.412,7,-8.074,1,0.123,0.0165,0.0126,0.104,0.423,154.983,"hip hop, pop, R&B"
6ix9ine,FEFE,179404,2018,42,0.931,0.387,1,-9.127,1,0.412,0.088,0.0,0.136,0.376,125.978,hip hop
The Weeknd,Call Out My Name,228373,2018,80,0.461,0.593,1,-4.954,1,0.0356,0.17,0.0,0.307,0.175,134.17,"pop, R&B"
Nio Garcia,Te Boté - Remix,417920,2018,76,0.903,0.675,11,-3.445,0,0.214,0.542,1.28e-05,0.0595,0.442,96.507,latin
Migos,MotorSport,303076,2018,72,0.904,0.518,2,-5.32,1,0.183,0.0305,0.0,0.325,0.188,137.996,"hip hop, pop"
Nicky Jam,X,172854,2019,74,0.594,0.749,9,-5.298,0,0.056,0.0338,0.00106,0.3,0.694,179.968,latin
XXXTENTACION,SAD!,166605,2018,82,0.74,0.613,8,-4.88,1,0.145,0.258,0.00372,0.123,0.473,75.023,hip hop
Becky G,Sin Pijama,188560,2018,69,0.791,0.745,11,-3.695,0,0.0464,0.354,2.93e-05,0.104,0.82,94.014,"pop, latin"
Machine Gun Kelly,"Home (with Machine Gun Kelly, X Ambassadors & Bebe Rexha)",202804,2017,71,0.653,0.718,3,-5.232,0,0.213,0.00413,0.0,0.0537,0.216,82.034,"hip hop, pop"
6ix9ine,GUMMO,157643,2018,63,0.66,0.775,2,-4.926,1,0.172,0.0553,0.0,0.129,0.635,157.036,hip hop
The Chainsmokers,Sick Boy,193200,2018,69,0.663,0.577,11,-7.518,0,0.0531,0.109,0.0,0.12,0.454,89.996,"pop, Dance/Electronic"
Jay Rock,"King's Dead (with Kendrick Lamar, Future & James Blake)",229670,2018,71,0.645,0.705,1,-5.008,1,0.299,0.000813,0.0,0.128,0.376,137.133,"hip hop, pop"
Rich The Kid,Plug Walk,175229,2018,72,0.876,0.519,11,-6.531,1,0.143,0.202,0.0,0.108,0.158,94.981,"hip hop, pop"
Kendrick Lamar,All The Stars (with SZA),232186,2018,80,0.698,0.633,8,-4.946,1,0.0597,0.0605,0.000194,0.0926,0.552,96.924,hip hop
Logic,Everyday,204746,2018,69,0.667,0.741,1,-4.099,1,0.0378,0.0425,0.0,0.0761,0.422,149.908,"hip hop, pop"
Jason Derulo,Tip Toe (feat. French Montana),187521,2017,64,0.845,0.709,10,-4.547,0,0.0714,0.0233,0.0,0.094,0.62,98.062,"hip hop, pop"
Ariana Grande,God is a woman,197546,2018,78,0.602,0.658,1,-5.934,1,0.0558,0.0233,6e-05,0.237,0.268,145.031,pop
Rae Sremmurd,Powerglide (feat. Juicy J) - From SR3MM,332300,2018,66,0.713,0.831,1,-4.75,0,0.15,0.0168,0.0,0.118,0.584,173.948,"hip hop, pop"
EO,German,170825,2018,67,0.862,0.583,8,-6.26,0,0.0654,0.811,1.86e-05,0.191,0.852,103.019,set()
Dennis Lloyd,Nevermind,156600,2017,74,0.6,0.688,5,-8.339,0,0.201,0.159,1.29e-05,0.409,0.0793,99.977,pop
girl in red,we fell in love in october,184153,2018,82,0.566,0.366,7,-12.808,1,0.028,0.113,0.181,0.155,0.237,129.959,"pop, rock, Dance/Electronic"
Selena Gomez,Wolves,197993,2017,78,0.724,0.804,11,-4.614,0,0.0448,0.124,0.0,0.204,0.306,124.987,pop
Tiësto,Jackie Chan,215759,2018,72,0.747,0.834,3,-2.867,0,0.045,0.374,0.0,0.0586,0.687,128.005,"pop, Dance/Electronic"
Tom Walker,Leave a Light On,185863,2017,70,0.586,0.624,5,-5.946,1,0.113,0.0153,1.78e-06,0.133,0.267,68.976,"rock, pop"
Sofía Reyes,"1, 2, 3 (feat. Jason Derulo & De La Ghetto)",201526,2018,65,0.792,0.895,1,-3.112,0,0.0589,0.165,0.0,0.0501,0.794,94.968,"pop, latin"
Marshmello,Silence,180822,2017,80,0.52,0.761,4,-3.093,1,0.0853,0.256,4.96e-06,0.17,0.286,141.971,"pop, Dance/Electronic"
5 Seconds of Summer,Youngblood,203417,2018,69,0.596,0.854,7,-5.114,0,0.463,0.0169,0.0,0.124,0.152,120.274,pop
Liam Payne,For You (Fifty Shades Freed) (& Rita Ora),245453,2018,62,0.541,0.787,2,-4.618,0,0.0331,0.0167,0.0,0.157,0.2,113.0,pop
NF,Let You Down,212120,2017,79,0.662,0.714,5,-5.68,0,0.121,0.312,0.0,0.179,0.464,147.997,"hip hop, pop"
XXXTENTACION,changes,121886,2018,79,0.669,0.308,11,-10.068,1,0.029,0.883,0.0,0.0984,0.52,64.934,hip hop
Maluma,Corazón (feat. Nego do Borel),184720,2018,69,0.722,0.738,9,-6.073,0,0.247,0.328,1.47e-05,0.198,0.748,198.075,latin
Cardi B,Bodak Yellow,223712,2018,72,0.926,0.703,11,-6.337,0,0.103,0.0659,0.0,0.231,0.485,125.022,"hip hop, pop"
Lil Baby,Yes Indeed,142273,2018,79,0.963,0.346,5,-9.309,0,0.53,0.0355,0.0,0.108,0.562,119.957,hip hop
Jonas Blue,Rise,194407,2018,70,0.687,0.785,1,-4.65,1,0.0333,0.327,0.0,0.203,0.655,106.046,"pop, Dance/Electronic"
David Guetta,Flames,194680,2018,59,0.631,0.649,5,-5.892,0,0.0385,0.0817,3.8e-06,0.0934,0.421,93.95,"hip hop, pop, Dance/Electronic"
Ozuna,Vaina Loca,176133,2018,72,0.754,0.805,6,-4.249,1,0.0752,0.315,0.0,0.203,0.555,93.982,latin
Charlie Puth,How Long,200853,2018,72,0.845,0.561,1,-5.253,0,0.0778,0.211,3.49e-06,0.0383,0.811,109.974,pop
Post Malone,Better Now,231266,2018,80,0.68,0.578,10,-5.804,1,0.04,0.331,0.0,0.135,0.341,145.038,hip hop
BlocBoy JB,Look Alive (feat. Drake),181263,2018,73,0.922,0.581,10,-7.495,1,0.27,0.00104,5.86e-05,0.105,0.595,140.022,"hip hop, pop"
Eminem,River (feat. Ed Sheeran),221013,2017,72,0.748,0.749,8,-5.916,0,0.516,0.142,0.0,0.0713,0.659,90.09,hip hop
Marshmello,Happier,214289,2018,82,0.687,0.792,5,-2.749,1,0.0452,0.191,0.0,0.167,0.671,100.015,"pop, Dance/Electronic"
Dean Lewis,Be Alright,196373,2018,79,0.553,0.586,11,-6.319,1,0.0362,0.697,0.0,0.0813,0.443,126.684,pop
Charlie Puth,Done for Me (feat. Kehlani),180493,2018,67,0.856,0.632,6,-3.692,0,0.074,0.193,0.0,0.0688,0.697,112.009,pop
Migos,Stir Fry,190288,2018,72,0.817,0.816,2,-5.402,1,0.269,0.00263,0.0,0.159,0.508,181.982,"hip hop, pop"
YG,"BIG BANK (feat. 2 Chainz, Big Sean, Nicki Minaj)",237240,2018,68,0.745,0.346,1,-7.709,1,0.331,0.00552,0.0,0.0881,0.112,203.911,"hip hop, pop"
Drake,In My Feelings,217925,2018,75,0.835,0.626,1,-5.833,1,0.125,0.0589,6e-05,0.396,0.35,91.03,"hip hop, pop, R&B"
B Young,Jumanji,173153,2018,60,0.791,0.473,10,-9.86,0,0.25,0.279,0.0,0.0959,0.603,95.948,"hip hop, Dance/Electronic"
Charlie Puth,The Way I Am,186080,2018,64,0.755,0.769,10,-5.658,0,0.186,0.314,2.38e-06,0.0628,0.642,114.966,pop
benny blanco,Eastside (with Halsey & Khalid),173799,2018,75,0.56,0.68,6,-7.648,0,0.321,0.555,0.0,0.116,0.319,89.391,"hip hop, pop"
Luis Fonsi,Échame La Culpa,173720,2017,62,0.733,0.892,0,-3.641,1,0.0417,0.0376,0.0,0.137,0.675,95.989,"pop, latin"
MK,17,196489,2017,65,0.703,0.832,0,-7.202,0,0.0689,0.00149,0.127,0.0696,0.667,122.029,"pop, Dance/Electronic"
Rita Ora,Anywhere,215064,2017,63,0.628,0.797,11,-3.953,0,0.0596,0.0364,0.0,0.104,0.321,106.93,"hip hop, pop, Dance/Electronic"
Banx & Ranx,Answerphone (feat. Yxng Bane),190920,2018,56,0.671,0.834,1,-3.928,0,0.0885,0.0387,0.0,0.454,0.454,113.021,Dance/Electronic
Ella Mai,Trip,213993,2018,72,0.477,0.61,11,-5.628,0,0.144,0.225,0.0,0.107,0.358,79.882,"hip hop, pop, R&B"
Daddy Yankee,Dura,200480,2018,71,0.783,0.84,1,-3.416,1,0.051,0.174,0.0,0.412,0.839,95.001,latin
DJ Khaled,No Brainer,260000,2018,67,0.552,0.76,0,-4.706,1,0.342,0.0733,0.0,0.0865,0.639,135.702,"hip hop, pop"
Anne-Marie,2002,186986,2018,80,0.697,0.683,1,-2.881,0,0.117,0.0372,0.0,0.137,0.603,96.133,"pop, Dance/Electronic"
Bruno Mars,Finesse - Remix; feat. Cardi B,217288,2017,74,0.704,0.859,5,-4.877,0,0.0996,0.0185,0.0,0.0215,0.926,105.115,pop
FINNEAS,Let's Fall in Love for the Night,190348,2018,71,0.737,0.408,5,-7.941,1,0.104,0.802,0.0,0.171,0.374,127.921,"rock, pop, Dance/Electronic"
Hugh Jackman,The Greatest Show,302146,2017,72,0.417,0.824,11,-7.36,0,0.105,0.000239,0.0545,0.0725,0.4,157.92,easy listening
Halsey,Bad At Love,181279,2017,72,0.675,0.751,0,-3.539,1,0.0296,0.0604,0.0,0.0893,0.612,118.384,"pop, Dance/Electronic"
Drake,I'm Upset,214466,2018,68,0.899,0.586,11,-7.866,0,0.343,0.279,0.0,0.0836,0.492,150.002,"hip hop, pop, R&B"
Camila Cabello,Never Be the Same,226973,2018,74,0.637,0.713,0,-4.333,1,0.0747,0.181,0.000637,0.137,0.243,129.923,pop
M.O,Bad Vibe,214253,2018,54,0.813,0.701,10,-4.428,1,0.0449,0.178,0.0,0.0962,0.758,110.009,"pop, Dance/Electronic"
Dua Lipa,IDGAF,217946,2017,78,0.836,0.544,7,-5.975,1,0.0943,0.0403,0.0,0.0824,0.51,97.028,pop
Cashmere Cat,Miss You (with Major Lazer & Tory Lanez),186231,2018,56,0.747,0.641,1,-4.502,1,0.0925,0.25,0.00107,0.106,0.453,100.028,"pop, rock"
Bazzi,Mine,131064,2018,75,0.71,0.789,4,-3.874,1,0.0722,0.0161,2.77e-06,0.451,0.717,142.929,"pop, Dance/Electronic"
Lil Dicky,Freaky Friday (feat. Chris Brown),216631,2018,70,0.755,0.599,8,-5.042,1,0.224,0.147,0.0,0.109,0.755,133.123,"hip hop, pop"
Lauv,I Like Me Better,197436,2018,81,0.752,0.505,9,-7.621,1,0.253,0.535,2.55e-06,0.104,0.419,91.97,"pop, Dance/Electronic"
The Chainsmokers,This Feeling,197946,2018,73,0.575,0.571,1,-7.906,1,0.0439,0.0558,0.0,0.0912,0.449,105.049,"pop, Dance/Electronic"
Maroon 5,Girls Like You (feat. Cardi B) - Cardi B Version,235545,2018,73,0.851,0.541,0,-6.825,1,0.0505,0.568,0.0,0.13,0.448,124.959,pop
Khalid,Love Lies (with Normani),201707,2018,73,0.708,0.648,6,-5.626,1,0.0449,0.0956,0.0,0.134,0.338,143.955,"pop, R&B"
Drake,Nice For What,210746,2018,77,0.585,0.909,8,-6.474,1,0.0707,0.0891,9.7e-05,0.119,0.758,93.372,"hip hop, pop, R&B"
Kendrick Lamar,LOVE. FEAT. ZACARI.,213400,2017,80,0.8,0.585,10,-7.343,1,0.0924,0.264,0.0,0.153,0.779,126.058,hip hop
Post Malone,Psycho (feat. Ty Dolla $ign),221440,2018,77,0.75,0.56,8,-8.094,1,0.105,0.546,0.0,0.111,0.459,140.06,hip hop
Lil Nas X,Old Town Road - Remix,157066,2019,79,0.878,0.619,6,-5.56,1,0.102,0.0533,0.0,0.113,0.639,136.041,"hip hop, pop"
Billie Eilish,bad guy,194087,2019,83,0.701,0.425,7,-10.965,1,0.375,0.328,0.13,0.1,0.562,135.128,"pop, Dance/Electronic"
Shawn Mendes,Señorita,190799,2019,78,0.759,0.548,9,-6.049,0,0.029,0.0392,0.0,0.0828,0.749,116.967,pop
Ariana Grande,7 rings,178626,2019,83,0.778,0.317,1,-10.732,0,0.334,0.592,0.0,0.0881,0.327,140.048,pop
Post Malone,Sunflower - Spider-Man: Into the Spider-Verse,157560,2019,79,0.755,0.522,2,-4.368,1,0.0575,0.533,0.0,0.0685,0.925,89.96,hip hop
Gesaffelstein,Lost in the Fire (feat. The Weeknd),202093,2019,84,0.658,0.671,2,-12.21,1,0.0363,0.0933,0.000927,0.115,0.166,100.966,Dance/Electronic
Halsey,Without Me,201660,2018,77,0.752,0.488,6,-7.05,1,0.0705,0.297,9.11e-06,0.0936,0.533,136.041,"pop, Dance/Electronic"
Regard,Ride It,157605,2019,81,0.88,0.751,7,-4.258,0,0.0874,0.177,6.43e-05,0.106,0.884,117.948,"pop, Dance/Electronic"
Lady Gaga,Shallow,215733,2018,82,0.572,0.385,7,-6.362,1,0.0308,0.371,0.0,0.231,0.323,95.799,pop
Mark Ronson,Nothing Breaks Like a Heart (feat. Miley Cyrus),217466,2018,79,0.601,0.794,7,-5.844,0,0.0671,0.00987,1.36e-06,0.388,0.244,114.066,pop
Lewis Capaldi,Someone You Loved,182160,2019,84,0.501,0.405,1,-5.679,1,0.0319,0.751,0.0,0.105,0.446,109.891,pop
Jax Jones,All Day And Night,169303,2019,60,0.585,0.782,1,-4.101,0,0.0897,0.269,0.0,0.156,0.521,121.908,"hip hop, pop, Dance/Electronic"
Mustard,Pure Water (with Migos),192470,2019,75,0.682,0.559,0,-5.545,1,0.127,0.174,0.0,0.344,0.137,202.015,"hip hop, pop"
Kodak Black,ZEZE (feat. Travis Scott & Offset),228759,2018,77,0.861,0.603,8,-5.788,0,0.176,0.0521,0.0,0.0924,0.504,98.043,hip hop
Daddy Yankee,Con Calma,193226,2019,79,0.737,0.86,8,-2.652,0,0.0593,0.11,1.94e-06,0.0574,0.656,93.989,latin
Alec Benjamin,Let Me Down Slowly,169353,2018,82,0.652,0.557,1,-5.714,0,0.0318,0.74,0.0,0.124,0.483,150.073,"rock, pop, Dance/Electronic"
Offset,Clout (feat. Cardi B),205803,2019,68,0.919,0.622,1,-7.384,1,0.0997,0.228,4.24e-06,0.122,0.424,140.022,"hip hop, pop"
MEDUZA,Piece Of Your Heart,152913,2019,75,0.677,0.744,10,-6.806,0,0.0295,0.0404,0.00016,0.074,0.631,124.08,"pop, Dance/Electronic"
Ed Sheeran,Antisocial (with Travis Scott),161746,2019,63,0.716,0.823,5,-5.313,0,0.0495,0.132,0.0,0.361,0.91,151.957,pop
Lana Del Rey,Doin' Time,202192,2019,80,0.641,0.559,7,-11.132,0,0.0355,0.404,0.00402,0.0937,0.523,144.982,pop
DJ Snake,"Taki Taki (feat. Selena Gomez, Ozuna & Cardi B)",212500,2019,70,0.842,0.801,8,-4.167,0,0.228,0.157,4.82e-06,0.0642,0.617,95.881,"hip hop, pop, Dance/Electronic"
A Boogie Wit da Hoodie,Look Back at It,179449,2018,73,0.791,0.587,3,-5.075,0,0.0413,0.407,0.0,0.148,0.536,96.057,hip hop
Saweetie,My Type,126446,2019,71,0.899,0.811,2,-6.294,1,0.258,0.000677,0.0,0.0672,0.587,105.038,"hip hop, pop, R&B"
Lil Tecca,Ransom,131240,2019,78,0.745,0.642,7,-6.257,0,0.287,0.0204,0.0,0.0658,0.226,179.974,hip hop
Russ Millions,Keisha & Becky - Remix,252906,2019,69,0.863,0.471,6,-9.545,1,0.478,0.251,0.0,0.121,0.644,140.969,pop
Mabel,Don't Call Me Up,178480,2019,77,0.674,0.881,9,-2.853,1,0.147,0.296,3.01e-06,0.0793,0.234,98.994,"pop, Dance/Electronic"
Lil Nas X,Old Town Road,113000,2019,76,0.907,0.53,1,-6.112,1,0.127,0.0578,2.23e-06,0.101,0.507,135.998,"hip hop, pop"
Meek Mill,Going Bad (feat. Drake),180522,2018,78,0.889,0.496,4,-6.365,0,0.0905,0.259,0.0,0.252,0.544,86.003,"hip hop, pop"
Post Malone,Wow.,149546,2019,79,0.829,0.539,11,-7.359,0,0.208,0.136,1.78e-06,0.103,0.388,99.96,hip hop
Doja Cat,Juicy,202333,2019,57,0.786,0.658,0,-2.61,1,0.0661,0.0856,0.0,0.0689,0.458,170.037,pop
A Boogie Wit da Hoodie,Swervin (feat. 6ix9ine),189486,2018,75,0.581,0.662,9,-5.239,1,0.303,0.0153,0.0,0.111,0.434,93.023,hip hop
iann dior,emotions,131213,2019,72,0.63,0.63,9,-6.211,1,0.0395,0.0131,0.0,0.142,0.163,80.512,"hip hop, pop"
Paulo Londra,Adan y Eva,256971,2019,72,0.767,0.709,1,-4.47,1,0.336,0.323,0.0,0.0745,0.72,171.993,"hip hop, latin, Dance/Electronic"
Drake,Money In The Grave (Drake ft. Rick Ross),205426,2019,76,0.831,0.502,10,-4.045,0,0.046,0.101,0.0,0.122,0.101,100.541,"hip hop, pop, R&B"
Lil Nas X,Panini,114893,2019,71,0.703,0.594,5,-6.146,0,0.0752,0.342,0.0,0.123,0.475,153.848,"hip hop, pop"
Bad Bunny,MIA (feat. Drake),210367,2018,77,0.817,0.539,6,-6.349,0,0.0621,0.0141,0.000496,0.099,0.158,97.062,latin
Polo G,Pop Out (feat. Lil Tjay),166560,2019,78,0.772,0.639,1,-7.119,1,0.467,0.15,0.0,0.0698,0.261,168.112,hip hop
Juice WRLD,Robbery,240050,2019,53,0.685,0.692,2,-5.122,1,0.0457,0.328,0.0,0.153,0.578,159.966,hip hop
21 Savage,a lot,288624,2018,78,0.837,0.636,1,-7.643,1,0.086,0.0395,0.00125,0.342,0.274,145.972,hip hop
Young Thug,The London (feat. J. Cole & Travis Scott),200106,2019,69,0.796,0.586,4,-6.946,0,0.147,0.0247,0.0,0.132,0.179,97.981,"hip hop, pop"
Anuel AA,China,301714,2019,76,0.786,0.808,7,-3.702,1,0.0882,0.0846,0.000289,0.0822,0.609,105.027,latin
Camila Cabello,Liar,207038,2019,65,0.74,0.498,11,-6.684,0,0.0456,0.0169,0.00282,0.319,0.652,98.016,pop
Flipp Dinero,Leave Me Alone,195637,2019,69,0.792,0.743,7,-2.806,1,0.0851,0.107,0.0,0.183,0.742,150.024,"hip hop, pop"
Cardi B,Money,183527,2018,73,0.95,0.59,8,-6.508,0,0.29,0.00534,0.0,0.11,0.219,130.003,"hip hop, pop"
Ariana Grande,"break up with your girlfriend, i'm bored",190440,2019,76,0.726,0.554,5,-5.29,0,0.0917,0.0421,0.0,0.106,0.335,169.999,pop
Dave,Location (feat. Burna Boy),241293,2019,78,0.812,0.496,9,-5.969,0,0.297,0.271,0.0,0.0955,0.55,109.979,hip hop
Dua Lipa,Don't Start Now,183290,2019,79,0.794,0.793,11,-4.521,0,0.0842,0.0125,0.0,0.0952,0.677,123.941,pop
Young T & Bugsey,Strike a Pose (feat. Aitch),214203,2019,61,0.531,0.581,1,-5.801,1,0.101,0.0107,1.62e-05,0.101,0.591,137.776,hip hop
Calvin Harris,Giant (with Rag'n'Bone Man),229184,2019,73,0.807,0.887,1,-4.311,0,0.0361,0.016,0.000503,0.0811,0.606,122.015,"hip hop, pop, Dance/Electronic"
Ed Sheeran,Take Me Back to London (feat. Stormzy),189733,2019,66,0.885,0.762,8,-5.513,0,0.216,0.219,0.0,0.162,0.605,138.058,pop
Cardi B,Please Me,200889,2019,73,0.747,0.57,1,-6.711,1,0.081,0.0642,0.0,0.0832,0.65,133.992,"hip hop, pop"
Stormzy,Vossi Bop,196266,2019,64,0.682,0.653,8,-6.062,1,0.339,0.13,0.00116,0.129,0.428,188.115,"hip hop, Dance/Electronic"
Tones And I,Dance Monkey,209438,2019,78,0.824,0.588,6,-6.4,0,0.0924,0.692,0.000104,0.149,0.513,98.027,pop
Ariana Grande,boyfriend (with Social House),186106,2019,77,0.4,0.795,10,-3.731,0,0.461,0.119,0.0,0.159,0.702,190.097,pop
Bad Bunny,Callaita,250533,2019,81,0.61,0.624,2,-4.773,1,0.309,0.6,2.12e-06,0.243,0.244,176.169,latin
Pedro Capó,Calma - Remix,238200,2018,74,0.826,0.773,11,-4.218,0,0.0524,0.323,0.0,0.143,0.761,126.899,"pop, latin"
J. Cole,MIDDLE CHILD,213593,2019,80,0.837,0.364,8,-11.713,1,0.276,0.149,0.0,0.271,0.463,123.984,hip hop
Lunay,Soltera - Remix,266086,2019,70,0.795,0.783,5,-4.271,1,0.0432,0.361,0.0,0.437,0.799,92.01,"pop, latin"
Khalid,Better,229412,2018,70,0.442,0.585,0,-10.332,0,0.0964,0.0984,0.391,0.14,0.116,97.565,"pop, R&B"
DaBaby,Suge,163320,2019,72,0.876,0.662,2,-6.482,0,0.426,0.0608,0.0,0.127,0.844,75.445,hip hop
AJ Tracey,Ladbroke Grove,190537,2019,69,0.903,0.839,11,-9.447,0,0.208,0.0939,0.0,0.102,0.727,133.986,"hip hop, Dance/Electronic"
Billie Eilish,bury a friend,193143,2019,75,0.905,0.389,8,-14.505,1,0.332,0.74,0.162,0.106,0.196,120.046,"pop, Dance/Electronic"
BTS,Boy With Luv (feat. Halsey),229773,2019,35,0.645,0.862,11,-4.757,0,0.0965,0.0923,0.0,0.192,0.798,119.991,pop
Wiley,Boasty (feat. Idris Elba),177185,2019,64,0.887,0.765,2,-5.207,1,0.0669,0.00915,0.000872,0.0907,0.456,102.958,"hip hop, Dance/Electronic"
Jonas Brothers,Only Human,183000,2019,71,0.795,0.496,0,-5.883,1,0.0722,0.108,0.0,0.0645,0.874,94.01,pop
Avicii,SOS (feat. Aloe Blacc),157202,2019,71,0.802,0.645,5,-6.181,0,0.0715,0.272,0.0,0.119,0.376,100.001,"pop, Dance/Electronic"
"Tyler, The Creator",EARFQUAKE,190066,2019,80,0.554,0.498,9,-8.866,1,0.0685,0.23,5.98e-06,0.795,0.413,79.635,hip hop
Ashley O,On A Roll,154447,2019,57,0.736,0.81,5,-6.354,1,0.0906,0.077,0.0,0.0523,0.387,125.011,set()
Dominic Fike,3 Nights,177666,2018,78,0.815,0.518,7,-6.594,0,0.0897,0.223,0.0,0.104,0.877,151.891,"rock, pop"
Sigala,Wish You Well,205653,2019,64,0.669,0.895,5,-3.787,0,0.0575,0.128,0.0,0.297,0.576,124.975,"pop, Dance/Electronic"
Megan Thee Stallion,Hot Girl Summer (feat. Nicki Minaj & Ty Dolla $ign),199427,2019,69,0.872,0.814,0,-4.568,1,0.155,0.00485,1.96e-06,0.214,0.57,98.985,"hip hop, pop, R&B"
Anuel AA,Secreto,258800,2019,75,0.807,0.803,11,-4.156,1,0.126,0.602,0.00853,0.136,0.706,91.987,latin
Sam Feldt,Post Malone (feat. RANI),174444,2019,69,0.59,0.642,7,-3.87,1,0.122,0.0771,0.0,0.105,0.651,107.356,"pop, Dance/Electronic"
Kehlani,Nights Like This (feat. Ty Dolla $ign),201787,2019,74,0.61,0.725,8,-5.131,1,0.15,0.367,0.0,0.154,0.291,146.163,"hip hop, pop, R&B"
Sech,Otro Trago,225933,2019,71,0.746,0.7,0,-4.669,1,0.341,0.136,0.000159,0.11,0.619,176.044,latin
Ed Sheeran,Cross Me (feat. Chance the Rapper & PnB Rock),206186,2019,64,0.746,0.787,4,-6.373,1,0.12,0.214,0.0,0.0669,0.607,95.005,pop
iann dior,gone girl,136568,2019,69,0.677,0.714,11,-5.637,1,0.0287,0.162,0.0,0.0717,0.355,94.956,"hip hop, pop"
Panic! At The Disco,High Hopes,190946,2018,80,0.579,0.904,5,-2.729,1,0.0618,0.193,0.0,0.064,0.681,82.014,rock
Marshmello,One Thing Right,181823,2019,73,0.659,0.625,4,-2.253,1,0.045,0.0644,0.0,0.582,0.442,88.042,"pop, Dance/Electronic"
Sam Smith,How Do You Sleep?,202204,2019,73,0.477,0.682,1,-4.931,0,0.0925,0.153,0.0,0.0763,0.345,110.567,pop
NSG,Options,240081,2020,57,0.836,0.621,1,-4.684,0,0.0894,0.389,9.16e-05,0.104,0.762,101.993,"World/Traditional, hip hop"
Normani,Motivation,193837,2019,71,0.599,0.887,4,-3.967,1,0.0984,0.0192,1.21e-06,0.3,0.881,170.918,"pop, R&B"
Joel Corry,Sorry,188640,2019,63,0.744,0.79,8,-4.617,0,0.0562,0.0547,0.000802,0.32,0.847,125.002,"pop, Dance/Electronic"
Jonas Brothers,Sucker,181026,2019,79,0.842,0.734,1,-5.065,0,0.0588,0.0427,0.0,0.106,0.952,137.958,pop
Taylor Swift,Cruel Summer,178426,2019,78,0.552,0.702,9,-5.707,1,0.157,0.117,2.06e-05,0.105,0.564,169.994,pop
Blanco Brown,The Git Up,200593,2019,69,0.847,0.678,9,-8.635,1,0.109,0.0669,0.0,0.274,0.811,97.984,"hip hop, country"
Sam Smith,Dancing With A Stranger (with Normani),171029,2019,75,0.741,0.52,8,-7.513,1,0.0656,0.45,1.97e-06,0.222,0.347,102.998,pop
Post Malone,Circles,215280,2019,85,0.695,0.762,0,-3.497,1,0.0395,0.192,0.00244,0.0863,0.553,120.042,hip hop
